Entity,Code,Year,Suite of Food Security Indicators - Number of people undernourished (million) (3-year average) - 210011 - Value - 6132 - millions (people)
Afghanistan,AFG,2000,9300000
Afghanistan,AFG,2001,9800000
Afghanistan,AFG,2002,9600000
Afghanistan,AFG,2003,9200000
Afghanistan,AFG,2004,8700000
Afghanistan,AFG,2005,8300000
Afghanistan,AFG,2006,7800000
Afghanistan,AFG,2007,7200000
Afghanistan,AFG,2008,6700000
Afghanistan,AFG,2009,6400000
Afghanistan,AFG,2010,6400000
Afghanistan,AFG,2011,6600000
Afghanistan,AFG,2012,7100000
Afghanistan,AFG,2013,7900000
Afghanistan,AFG,2014,8800000
Afghanistan,AFG,2015,9600000
Afghanistan,AFG,2016,10200000
Afghanistan,AFG,2017,10600000
Africa,,2000,200700000
Africa,,2001,200800000
Africa,,2002,201900000
Africa,,2003,201100000
Africa,,2004,199200000
Africa,,2005,196400000
Africa,,2006,195900000
Africa,,2007,196900000
Africa,,2008,198800000
Africa,,2009,199600000
Africa,,2010,200500000
Africa,,2011,201600000
Africa,,2012,204800000
Africa,,2013,207900000
Africa,,2014,212400000
Africa,,2015,221500000
Africa,,2016,233700000
Africa,,2017,246400000
Albania,ALB,2000,200000
Albania,ALB,2001,200000
Albania,ALB,2002,300000
Albania,ALB,2003,300000
Albania,ALB,2004,300000
Albania,ALB,2005,300000
Albania,ALB,2006,300000
Albania,ALB,2007,300000
Albania,ALB,2008,300000
Albania,ALB,2009,200000
Albania,ALB,2010,200000
Albania,ALB,2011,200000
Albania,ALB,2012,200000
Albania,ALB,2013,200000
Albania,ALB,2014,200000
Albania,ALB,2015,200000
Albania,ALB,2016,200000
Albania,ALB,2017,200000
Algeria,DZA,2000,3300000
Algeria,DZA,2001,3200000
Algeria,DZA,2002,3100000
Algeria,DZA,2003,3000000
Algeria,DZA,2004,3000000
Algeria,DZA,2005,2900000
Algeria,DZA,2006,2800000
Algeria,DZA,2007,2800000
Algeria,DZA,2008,2600000
Algeria,DZA,2009,2500000
Algeria,DZA,2010,2300000
Algeria,DZA,2011,2000000
Algeria,DZA,2012,1900000
Algeria,DZA,2013,1700000
Algeria,DZA,2014,1600000
Algeria,DZA,2015,1600000
Algeria,DZA,2016,1600000
Algeria,DZA,2017,1600000
Angola,AGO,2000,11800000
Angola,AGO,2001,11700000
Angola,AGO,2002,11500000
Angola,AGO,2003,11200000
Angola,AGO,2004,10900000
Angola,AGO,2005,10700000
Angola,AGO,2006,10500000
Angola,AGO,2007,10200000
Angola,AGO,2008,9900000
Angola,AGO,2009,9600000
Angola,AGO,2010,9500000
Angola,AGO,2011,9300000
Angola,AGO,2012,8800000
Angola,AGO,2013,8100000
Angola,AGO,2014,7600000
Angola,AGO,2015,7400000
Angola,AGO,2016,7400000
Angola,AGO,2017,7400000
Argentina,ARG,2000,1300000
Argentina,ARG,2001,1500000
Argentina,ARG,2002,1900000
Argentina,ARG,2003,2000000
Argentina,ARG,2004,2000000
Argentina,ARG,2005,1900000
Argentina,ARG,2006,1700000
Argentina,ARG,2007,1700000
Argentina,ARG,2008,1700000
Argentina,ARG,2009,1700000
Argentina,ARG,2010,1700000
Argentina,ARG,2011,1600000
Argentina,ARG,2012,1600000
Argentina,ARG,2013,1500000
Argentina,ARG,2014,1500000
Argentina,ARG,2015,1600000
Argentina,ARG,2016,1800000
Argentina,ARG,2017,2100000
Armenia,ARM,2000,700000
Armenia,ARM,2001,700000
Armenia,ARM,2002,600000
Armenia,ARM,2003,500000
Armenia,ARM,2004,300000
Armenia,ARM,2005,200000
Armenia,ARM,2006,200000
Armenia,ARM,2007,200000
Armenia,ARM,2008,100000
Armenia,ARM,2009,200000
Armenia,ARM,2010,200000
Armenia,ARM,2011,200000
Armenia,ARM,2012,100000
Armenia,ARM,2013,100000
Armenia,ARM,2014,100000
Armenia,ARM,2015,100000
Armenia,ARM,2016,100000
Armenia,ARM,2017,100000
Asia,,2000,634700000
Asia,,2001,652100000
Asia,,2002,672500000
Asia,,2003,686700000
Asia,,2004,691100000
Asia,,2005,681500000
Asia,,2006,659100000
Asia,,2007,631600000
Asia,,2008,607900000
Asia,,2009,589300000
Asia,,2010,575200000
Asia,,2011,563500000
Asia,,2012,554400000
Asia,,2013,543000000
Asia,,2014,531000000
Asia,,2015,520100000
Asia,,2016,514500000
Asia,,2017,512900000
"Asia, Central",,2000,7100000
"Asia, Central",,2001,7800000
"Asia, Central",,2002,8100000
"Asia, Central",,2003,7800000
"Asia, Central",,2004,7200000
"Asia, Central",,2005,6500000
"Asia, Central",,2006,5800000
"Asia, Central",,2007,5300000
"Asia, Central",,2008,5000000
"Asia, Central",,2009,4800000
"Asia, Central",,2010,4600000
"Asia, Central",,2011,4300000
"Asia, Central",,2012,4000000
"Asia, Central",,2013,3900000
"Asia, Central",,2014,3800000
"Asia, Central",,2015,3800000
"Asia, Central",,2016,3900000
"Asia, Central",,2017,4000000
Azerbaijan,AZE,2000,1900000
Azerbaijan,AZE,2001,1500000
Azerbaijan,AZE,2002,1200000
Azerbaijan,AZE,2003,1000000
Azerbaijan,AZE,2004,700000
Azerbaijan,AZE,2005,500000
Azerbaijan,AZE,2006,300000
Azerbaijan,AZE,2007,200000
Azerbaijan,AZE,2008,200000
Azerbaijan,AZE,2009,200000
Bangladesh,BGD,2000,27300000
Bangladesh,BGD,2001,25100000
Bangladesh,BGD,2002,24800000
Bangladesh,BGD,2003,24400000
Bangladesh,BGD,2004,24100000
Bangladesh,BGD,2005,23800000
Bangladesh,BGD,2006,23800000
Bangladesh,BGD,2007,23900000
Bangladesh,BGD,2008,24400000
Bangladesh,BGD,2009,25000000
Bangladesh,BGD,2010,25700000
Bangladesh,BGD,2011,26100000
Bangladesh,BGD,2012,26300000
Bangladesh,BGD,2013,26100000
Bangladesh,BGD,2014,25800000
Bangladesh,BGD,2015,25300000
Bangladesh,BGD,2016,24700000
Bangladesh,BGD,2017,24200000
Belarus,BLR,2001,300000
Belarus,BLR,2002,300000
Belarus,BLR,2003,400000
Belarus,BLR,2004,300000
Belarus,BLR,2005,300000
Benin,BEN,2000,1600000
Benin,BEN,2001,1500000
Benin,BEN,2002,1400000
Benin,BEN,2003,1300000
Benin,BEN,2004,1300000
Benin,BEN,2005,1200000
Benin,BEN,2006,1200000
Benin,BEN,2007,1100000
Benin,BEN,2008,1100000
Benin,BEN,2009,1100000
Benin,BEN,2010,1100000
Benin,BEN,2011,1100000
Benin,BEN,2012,1100000
Benin,BEN,2013,1000000
Benin,BEN,2014,1000000
Benin,BEN,2015,1000000
Benin,BEN,2016,1100000
Benin,BEN,2017,1100000
Bolivia,BOL,2000,2800000
Bolivia,BOL,2001,2700000
Bolivia,BOL,2002,2700000
Bolivia,BOL,2003,2800000
Bolivia,BOL,2004,2800000
Bolivia,BOL,2005,2800000
Bolivia,BOL,2006,2700000
Bolivia,BOL,2007,2600000
Bolivia,BOL,2008,2700000
Bolivia,BOL,2009,2700000
Bolivia,BOL,2010,2600000
Bolivia,BOL,2011,2500000
Bolivia,BOL,2012,2300000
Bolivia,BOL,2013,2200000
Bolivia,BOL,2014,2000000
Bolivia,BOL,2015,1900000
Bolivia,BOL,2016,1900000
Bolivia,BOL,2017,1900000
Bosnia and Herzegovina,BIH,2000,200000
Bosnia and Herzegovina,BIH,2001,200000
Bosnia and Herzegovina,BIH,2002,200000
Bosnia and Herzegovina,BIH,2003,200000
Bosnia and Herzegovina,BIH,2004,100000
Bosnia and Herzegovina,BIH,2005,100000
Bosnia and Herzegovina,BIH,2006,100000
Bosnia and Herzegovina,BIH,2007,100000
Botswana,BWA,2000,600000
Botswana,BWA,2001,600000
Botswana,BWA,2002,600000
Botswana,BWA,2003,600000
Botswana,BWA,2004,600000
Botswana,BWA,2005,600000
Botswana,BWA,2006,600000
Botswana,BWA,2007,600000
Botswana,BWA,2008,600000
Botswana,BWA,2009,600000
Botswana,BWA,2010,600000
Botswana,BWA,2011,500000
Botswana,BWA,2012,500000
Botswana,BWA,2013,500000
Botswana,BWA,2014,500000
Botswana,BWA,2015,600000
Botswana,BWA,2016,600000
Botswana,BWA,2017,600000
Brazil,BRA,2000,20900000
Brazil,BRA,2001,18800000
Brazil,BRA,2002,15700000
Brazil,BRA,2003,12600000
Brazil,BRA,2004,10300000
Brazil,BRA,2005,8600000
Brazil,BRA,2006,7400000
Brazil,BRA,2007,6100000
Brazil,BRA,2008,5100000
Bulgaria,BGR,2000,400000
Bulgaria,BGR,2001,400000
Bulgaria,BGR,2002,400000
Bulgaria,BGR,2003,500000
Bulgaria,BGR,2004,500000
Bulgaria,BGR,2005,500000
Bulgaria,BGR,2006,500000
Bulgaria,BGR,2007,500000
Bulgaria,BGR,2008,400000
Bulgaria,BGR,2009,400000
Bulgaria,BGR,2010,400000
Bulgaria,BGR,2011,400000
Bulgaria,BGR,2012,400000
Bulgaria,BGR,2013,400000
Bulgaria,BGR,2014,300000
Bulgaria,BGR,2015,300000
Bulgaria,BGR,2016,300000
Bulgaria,BGR,2017,300000
Burkina Faso,BFA,2000,2900000
Burkina Faso,BFA,2001,3100000
Burkina Faso,BFA,2002,3200000
Burkina Faso,BFA,2003,3200000
Burkina Faso,BFA,2004,3300000
Burkina Faso,BFA,2005,3300000
Burkina Faso,BFA,2006,3400000
Burkina Faso,BFA,2007,3400000
Burkina Faso,BFA,2008,3300000
Burkina Faso,BFA,2009,3300000
Burkina Faso,BFA,2010,3300000
Burkina Faso,BFA,2011,3300000
Burkina Faso,BFA,2012,3400000
Burkina Faso,BFA,2013,3400000
Burkina Faso,BFA,2014,3500000
Burkina Faso,BFA,2015,3600000
Burkina Faso,BFA,2016,3700000
Burkina Faso,BFA,2017,3800000
Cambodia,KHM,2000,3600000
Cambodia,KHM,2001,3200000
Cambodia,KHM,2002,2900000
Cambodia,KHM,2003,2800000
Cambodia,KHM,2004,2700000
Cambodia,KHM,2005,2700000
Cambodia,KHM,2006,2600000
Cambodia,KHM,2007,2600000
Cambodia,KHM,2008,2600000
Cambodia,KHM,2009,2600000
Cambodia,KHM,2010,2700000
Cambodia,KHM,2011,2700000
Cambodia,KHM,2012,2700000
Cambodia,KHM,2013,2800000
Cambodia,KHM,2014,2800000
Cambodia,KHM,2015,2800000
Cambodia,KHM,2016,2700000
Cambodia,KHM,2017,2600000
Cameroon,CMR,2000,4700000
Cameroon,CMR,2001,4500000
Cameroon,CMR,2002,4300000
Cameroon,CMR,2003,4000000
Cameroon,CMR,2004,3800000
Cameroon,CMR,2005,3500000
Cameroon,CMR,2006,3300000
Cameroon,CMR,2007,3000000
Cameroon,CMR,2008,2700000
Cameroon,CMR,2009,2500000
Cameroon,CMR,2010,2300000
Cameroon,CMR,2011,2100000
Cameroon,CMR,2012,1900000
Cameroon,CMR,2013,1700000
Cameroon,CMR,2014,1600000
Cameroon,CMR,2015,1800000
Cameroon,CMR,2016,2000000
Cameroon,CMR,2017,2400000
Caribbean,,2000,8900000
Caribbean,,2001,8900000
Caribbean,,2002,9100000
Caribbean,,2003,9300000
Caribbean,,2004,9300000
Caribbean,,2005,9100000
Caribbean,,2006,8900000
Caribbean,,2007,8800000
Caribbean,,2008,8600000
Caribbean,,2009,8400000
Caribbean,,2010,8100000
Caribbean,,2011,7900000
Caribbean,,2012,7900000
Caribbean,,2013,7900000
Caribbean,,2014,7800000
Caribbean,,2015,7700000
Caribbean,,2016,7600000
Caribbean,,2017,7700000
Central African Republic,CAF,2000,1600000
Central African Republic,CAF,2001,1600000
Central African Republic,CAF,2002,1600000
Central African Republic,CAF,2003,1600000
Central African Republic,CAF,2004,1700000
Central African Republic,CAF,2005,1600000
Central African Republic,CAF,2006,1600000
Central African Republic,CAF,2007,1500000
Central African Republic,CAF,2008,1500000
Central African Republic,CAF,2009,1400000
Central African Republic,CAF,2010,1400000
Central African Republic,CAF,2011,1500000
Central African Republic,CAF,2012,1700000
Central African Republic,CAF,2013,2000000
Central African Republic,CAF,2014,2400000
Central African Republic,CAF,2015,2600000
Central African Republic,CAF,2016,2800000
Central African Republic,CAF,2017,2800000
Central America,,2000,11500000
Central America,,2001,11000000
Central America,,2002,11200000
Central America,,2003,11900000
Central America,,2004,12400000
Central America,,2005,12300000
Central America,,2006,11700000
Central America,,2007,11400000
Central America,,2008,11500000
Central America,,2009,11600000
Central America,,2010,11700000
Central America,,2011,11700000
Central America,,2012,11800000
Central America,,2013,11500000
Central America,,2014,11200000
Central America,,2015,10900000
Central America,,2016,10700000
Central America,,2017,10800000
Central and Southern Asia,,2000,279400000
Central and Southern Asia,,2001,298400000
Central and Southern Asia,,2002,321700000
Central and Southern Asia,,2003,337900000
Central and Southern Asia,,2004,345600000
Central and Southern Asia,,2005,340500000
Central and Southern Asia,,2006,325800000
Central and Southern Asia,,2007,309000000
Central and Southern Asia,,2008,298800000
Central and Southern Asia,,2009,296400000
Central and Southern Asia,,2010,298300000
Central and Southern Asia,,2011,301200000
Central and Southern Asia,,2012,303100000
Central and Southern Asia,,2013,301500000
Central and Southern Asia,,2014,296700000
Central and Southern Asia,,2015,289700000
Central and Southern Asia,,2016,284200000
Central and Southern Asia,,2017,281700000
Chad,TCD,2000,3300000
Chad,TCD,2001,3400000
Chad,TCD,2002,3600000
Chad,TCD,2003,3700000
Chad,TCD,2004,3800000
Chad,TCD,2005,3900000
Chad,TCD,2006,4100000
Chad,TCD,2007,4300000
Chad,TCD,2008,4500000
Chad,TCD,2009,4700000
Chad,TCD,2010,4800000
Chad,TCD,2011,4800000
Chad,TCD,2012,4800000
Chad,TCD,2013,4900000
Chad,TCD,2014,5000000
Chad,TCD,2015,5100000
Chad,TCD,2016,5300000
Chad,TCD,2017,5600000
Chile,CHL,2000,700000
Chile,CHL,2001,700000
Chile,CHL,2002,600000
Chile,CHL,2003,600000
Chile,CHL,2004,600000
Chile,CHL,2005,600000
Chile,CHL,2006,600000
Chile,CHL,2007,600000
Chile,CHL,2008,700000
Chile,CHL,2009,700000
Chile,CHL,2010,700000
Chile,CHL,2011,700000
Chile,CHL,2012,700000
Chile,CHL,2013,600000
Chile,CHL,2014,600000
Chile,CHL,2015,600000
Chile,CHL,2016,500000
Chile,CHL,2017,500000
China,CHN,2000,208300000
China,CHN,2001,208500000
China,CHN,2002,208500000
China,CHN,2003,209100000
China,CHN,2004,208500000
China,CHN,2005,206000000
China,CHN,2006,201000000
China,CHN,2007,193300000
China,CHN,2008,183600000
China,CHN,2009,173600000
China,CHN,2010,163800000
China,CHN,2011,155000000
China,CHN,2012,146600000
China,CHN,2013,137700000
China,CHN,2014,130000000
China,CHN,2015,125000000
China,CHN,2016,123100000
China,CHN,2017,122400000
Colombia,COL,2000,3900000
Colombia,COL,2001,3900000
Colombia,COL,2002,3800000
Colombia,COL,2003,3900000
Colombia,COL,2004,4000000
Colombia,COL,2005,4200000
Colombia,COL,2006,4200000
Colombia,COL,2007,4100000
Colombia,COL,2008,4300000
Colombia,COL,2009,4700000
Colombia,COL,2010,5100000
Colombia,COL,2011,5000000
Colombia,COL,2012,4600000
Colombia,COL,2013,4100000
Colombia,COL,2014,3600000
Colombia,COL,2015,3100000
Colombia,COL,2016,2700000
Colombia,COL,2017,2400000
Congo,COG,2000,1200000
Congo,COG,2001,1100000
Congo,COG,2002,1100000
Congo,COG,2003,1200000
Congo,COG,2004,1300000
Congo,COG,2005,1500000
Congo,COG,2006,1600000
Congo,COG,2007,1700000
Congo,COG,2008,1700000
Congo,COG,2009,1800000
Congo,COG,2010,1800000
Congo,COG,2011,1800000
Congo,COG,2012,1800000
Congo,COG,2013,1800000
Congo,COG,2014,1900000
Congo,COG,2015,1900000
Congo,COG,2016,2000000
Congo,COG,2017,2100000
Costa Rica,CRI,2000,200000
Costa Rica,CRI,2001,200000
Costa Rica,CRI,2002,200000
Costa Rica,CRI,2003,200000
Costa Rica,CRI,2004,200000
Costa Rica,CRI,2005,200000
Costa Rica,CRI,2006,200000
Costa Rica,CRI,2007,200000
Costa Rica,CRI,2008,200000
Costa Rica,CRI,2009,200000
Costa Rica,CRI,2010,200000
Costa Rica,CRI,2011,200000
Costa Rica,CRI,2012,300000
Costa Rica,CRI,2013,300000
Costa Rica,CRI,2014,300000
Costa Rica,CRI,2015,200000
Costa Rica,CRI,2016,200000
Costa Rica,CRI,2017,200000
Cote d'Ivoire,CIV,2000,3400000
Cote d'Ivoire,CIV,2001,3700000
Cote d'Ivoire,CIV,2002,3800000
Cote d'Ivoire,CIV,2003,3800000
Cote d'Ivoire,CIV,2004,3700000
Cote d'Ivoire,CIV,2005,3700000
Cote d'Ivoire,CIV,2006,3700000
Cote d'Ivoire,CIV,2007,3900000
Cote d'Ivoire,CIV,2008,4200000
Cote d'Ivoire,CIV,2009,4300000
Cote d'Ivoire,CIV,2010,4500000
Cote d'Ivoire,CIV,2011,4500000
Cote d'Ivoire,CIV,2012,4600000
Cote d'Ivoire,CIV,2013,4700000
Cote d'Ivoire,CIV,2014,4700000
Cote d'Ivoire,CIV,2015,4700000
Cote d'Ivoire,CIV,2016,4700000
Cote d'Ivoire,CIV,2017,4600000
Croatia,HRV,2000,500000
Croatia,HRV,2001,300000
Croatia,HRV,2002,300000
Croatia,HRV,2003,200000
Croatia,HRV,2004,200000
Croatia,HRV,2005,100000
Croatia,HRV,2010,100000
Croatia,HRV,2011,100000
Croatia,HRV,2012,100000
Cuba,CUB,2000,400000
Cuba,CUB,2001,300000
Djibouti,DJI,2000,300000
Djibouti,DJI,2001,300000
Djibouti,DJI,2002,300000
Djibouti,DJI,2003,300000
Djibouti,DJI,2004,300000
Djibouti,DJI,2005,300000
Djibouti,DJI,2006,200000
Djibouti,DJI,2007,200000
Djibouti,DJI,2008,200000
Djibouti,DJI,2009,200000
Djibouti,DJI,2010,200000
Djibouti,DJI,2011,200000
Djibouti,DJI,2012,200000
Djibouti,DJI,2013,200000
Djibouti,DJI,2014,200000
Djibouti,DJI,2015,200000
Djibouti,DJI,2016,200000
Djibouti,DJI,2017,200000
Dominican Republic,DOM,2000,2400000
Dominican Republic,DOM,2001,2400000
Dominican Republic,DOM,2002,2400000
Dominican Republic,DOM,2003,2500000
Dominican Republic,DOM,2004,2500000
Dominican Republic,DOM,2005,2300000
Dominican Republic,DOM,2006,2100000
Dominican Republic,DOM,2007,2000000
Dominican Republic,DOM,2008,1900000
Dominican Republic,DOM,2009,1800000
Dominican Republic,DOM,2010,1600000
Dominican Republic,DOM,2011,1500000
Dominican Republic,DOM,2012,1400000
Dominican Republic,DOM,2013,1300000
Dominican Republic,DOM,2014,1300000
Dominican Republic,DOM,2015,1200000
Dominican Republic,DOM,2016,1100000
Dominican Republic,DOM,2017,1000000
East Asia (exc China),,2000,11800000
East Asia (exc China),,2001,11900000
East Asia (exc China),,2002,11700000
East Asia (exc China),,2003,11700000
East Asia (exc China),,2004,11800000
East Asia (exc China),,2005,12200000
East Asia (exc China),,2006,12800000
East Asia (exc China),,2007,13500000
East Asia (exc China),,2008,14300000
East Asia (exc China),,2009,14800000
East Asia (exc China),,2010,14800000
East Asia (exc China),,2011,14600000
East Asia (exc China),,2012,14400000
East Asia (exc China),,2013,14500000
East Asia (exc China),,2014,14600000
East Asia (exc China),,2015,14800000
East Asia (exc China),,2016,15000000
East Asia (exc China),,2017,15400000
Eastern Africa,,2000,112700000
Eastern Africa,,2001,113100000
Eastern Africa,,2002,114300000
Eastern Africa,,2003,114800000
Eastern Africa,,2004,114600000
Eastern Africa,,2005,113700000
Eastern Africa,,2006,114300000
Eastern Africa,,2007,115900000
Eastern Africa,,2008,117900000
Eastern Africa,,2009,118600000
Eastern Africa,,2010,119100000
Eastern Africa,,2011,119400000
Eastern Africa,,2012,112900000
Eastern Africa,,2013,114200000
Eastern Africa,,2014,116400000
Eastern Africa,,2015,120800000
Eastern Africa,,2016,125300000
Eastern Africa,,2017,129900000
Eastern Asia,,2000,219800000
Eastern Asia,,2001,220200000
Eastern Asia,,2002,220000000
Eastern Asia,,2003,220500000
Eastern Asia,,2004,220000000
Eastern Asia,,2005,218000000
Eastern Asia,,2006,213600000
Eastern Asia,,2007,206600000
Eastern Asia,,2008,197600000
Eastern Asia,,2009,188100000
Eastern Asia,,2010,178500000
Eastern Asia,,2011,169500000
Eastern Asia,,2012,160800000
Eastern Asia,,2013,152000000
Eastern Asia,,2014,144500000
Eastern Asia,,2015,139600000
Eastern Asia,,2016,138000000
Eastern Asia,,2017,137600000
Eastern Europe,,2000,11700000
Eastern Europe,,2001,10200000
Eastern Europe,,2002,8800000
Eastern Europe,,2003,7700000
Eastern and South-Eastern Asia,,2000,336100000
Eastern and South-Eastern Asia,,2001,334700000
Eastern and South-Eastern Asia,,2002,331700000
Eastern and South-Eastern Asia,,2003,329400000
Eastern and South-Eastern Asia,,2004,326100000
Eastern and South-Eastern Asia,,2005,321500000
Eastern and South-Eastern Asia,,2006,313700000
Eastern and South-Eastern Asia,,2007,302600000
Eastern and South-Eastern Asia,,2008,288900000
Eastern and South-Eastern Asia,,2009,272700000
Eastern and South-Eastern Asia,,2010,256000000
Eastern and South-Eastern Asia,,2011,240400000
Eastern and South-Eastern Asia,,2012,228100000
Eastern and South-Eastern Asia,,2013,217000000
Eastern and South-Eastern Asia,,2014,207800000
Eastern and South-Eastern Asia,,2015,201900000
Eastern and South-Eastern Asia,,2016,199600000
Eastern and South-Eastern Asia,,2017,198800000
Ecuador,ECU,2000,2300000
Ecuador,ECU,2001,2400000
Ecuador,ECU,2002,2500000
Ecuador,ECU,2003,2500000
Ecuador,ECU,2004,2400000
Ecuador,ECU,2005,2300000
Ecuador,ECU,2006,2300000
Ecuador,ECU,2007,2200000
Ecuador,ECU,2008,2100000
Ecuador,ECU,2009,1900000
Ecuador,ECU,2010,1600000
Ecuador,ECU,2011,1400000
Ecuador,ECU,2012,1300000
Ecuador,ECU,2013,1300000
Ecuador,ECU,2014,1300000
Ecuador,ECU,2015,1300000
Ecuador,ECU,2016,1300000
Ecuador,ECU,2017,1300000
Egypt,EGY,2000,3700000
Egypt,EGY,2001,3700000
Egypt,EGY,2002,3800000
Egypt,EGY,2003,4000000
Egypt,EGY,2004,4200000
Egypt,EGY,2005,4200000
Egypt,EGY,2006,4000000
Egypt,EGY,2007,3800000
Egypt,EGY,2008,3700000
Egypt,EGY,2009,3800000
Egypt,EGY,2010,3800000
Egypt,EGY,2011,3800000
Egypt,EGY,2012,3900000
Egypt,EGY,2013,3900000
Egypt,EGY,2014,4000000
Egypt,EGY,2015,4100000
Egypt,EGY,2016,4200000
Egypt,EGY,2017,4400000
El Salvador,SLV,2000,600000
El Salvador,SLV,2001,600000
El Salvador,SLV,2002,500000
El Salvador,SLV,2003,600000
El Salvador,SLV,2004,600000
El Salvador,SLV,2005,600000
El Salvador,SLV,2006,700000
El Salvador,SLV,2007,700000
El Salvador,SLV,2008,700000
El Salvador,SLV,2009,700000
El Salvador,SLV,2010,800000
El Salvador,SLV,2011,800000
El Salvador,SLV,2012,800000
El Salvador,SLV,2013,700000
El Salvador,SLV,2014,700000
El Salvador,SLV,2015,600000
El Salvador,SLV,2016,600000
El Salvador,SLV,2017,600000
Ethiopia,ETH,2000,34600000
Ethiopia,ETH,2001,33500000
Ethiopia,ETH,2002,32900000
Ethiopia,ETH,2003,32100000
Ethiopia,ETH,2004,31300000
Ethiopia,ETH,2005,30500000
Ethiopia,ETH,2006,30300000
Ethiopia,ETH,2007,30100000
Ethiopia,ETH,2008,29600000
Ethiopia,ETH,2009,28800000
Ethiopia,ETH,2010,28100000
Ethiopia,ETH,2011,27600000
Ethiopia,ETH,2012,26700000
Ethiopia,ETH,2013,25300000
Ethiopia,ETH,2014,23800000
Ethiopia,ETH,2015,22700000
Ethiopia,ETH,2016,21900000
Ethiopia,ETH,2017,21600000
Gabon,GAB,2000,100000
Gabon,GAB,2001,100000
Gabon,GAB,2002,100000
Gabon,GAB,2003,200000
Gabon,GAB,2004,200000
Gabon,GAB,2005,200000
Gabon,GAB,2006,200000
Gabon,GAB,2007,200000
Gabon,GAB,2008,200000
Gabon,GAB,2009,200000
Gabon,GAB,2010,200000
Gabon,GAB,2011,200000
Gabon,GAB,2012,200000
Gabon,GAB,2013,200000
Gabon,GAB,2014,200000
Gabon,GAB,2015,200000
Gabon,GAB,2016,200000
Gabon,GAB,2017,200000
Gambia,GMB,2000,200000
Gambia,GMB,2001,200000
Gambia,GMB,2002,200000
Gambia,GMB,2003,200000
Gambia,GMB,2004,200000
Gambia,GMB,2005,200000
Gambia,GMB,2006,200000
Gambia,GMB,2007,200000
Gambia,GMB,2008,200000
Gambia,GMB,2009,200000
Gambia,GMB,2010,200000
Gambia,GMB,2011,200000
Gambia,GMB,2012,200000
Gambia,GMB,2013,200000
Gambia,GMB,2014,200000
Gambia,GMB,2015,200000
Gambia,GMB,2016,200000
Gambia,GMB,2017,200000
Georgia,GEO,2000,600000
Georgia,GEO,2001,600000
Georgia,GEO,2002,500000
Georgia,GEO,2003,400000
Georgia,GEO,2004,400000
Georgia,GEO,2005,300000
Georgia,GEO,2006,300000
Georgia,GEO,2007,300000
Georgia,GEO,2008,300000
Georgia,GEO,2009,300000
Georgia,GEO,2010,300000
Georgia,GEO,2011,300000
Georgia,GEO,2012,300000
Georgia,GEO,2013,300000
Georgia,GEO,2014,300000
Georgia,GEO,2015,300000
Georgia,GEO,2016,300000
Georgia,GEO,2017,300000
Ghana,GHA,2000,3000000
Ghana,GHA,2001,2600000
Ghana,GHA,2002,2400000
Ghana,GHA,2003,2300000
Ghana,GHA,2004,2100000
Ghana,GHA,2005,2000000
Ghana,GHA,2006,1800000
Ghana,GHA,2007,1700000
Ghana,GHA,2008,1500000
Ghana,GHA,2009,1300000
Ghana,GHA,2010,1300000
Ghana,GHA,2011,1400000
Ghana,GHA,2012,1500000
Ghana,GHA,2013,1600000
Ghana,GHA,2014,1700000
Ghana,GHA,2015,1700000
Ghana,GHA,2016,1700000
Ghana,GHA,2017,1600000
Guatemala,GTM,2000,2400000
Guatemala,GTM,2001,2200000
Guatemala,GTM,2002,2000000
Guatemala,GTM,2003,2000000
Guatemala,GTM,2004,2000000
Guatemala,GTM,2005,2100000
Guatemala,GTM,2006,2100000
Guatemala,GTM,2007,2100000
Guatemala,GTM,2008,2200000
Guatemala,GTM,2009,2200000
Guatemala,GTM,2010,2300000
Guatemala,GTM,2011,2400000
Guatemala,GTM,2012,2500000
Guatemala,GTM,2013,2500000
Guatemala,GTM,2014,2500000
Guatemala,GTM,2015,2500000
Guatemala,GTM,2016,2500000
Guatemala,GTM,2017,2600000
Guinea,GIN,2000,2300000
Guinea,GIN,2001,2300000
Guinea,GIN,2002,2300000
Guinea,GIN,2003,2200000
Guinea,GIN,2004,2100000
Guinea,GIN,2005,2100000
Guinea,GIN,2006,2000000
Guinea,GIN,2007,1900000
Guinea,GIN,2008,1900000
Guinea,GIN,2009,1900000
Guinea,GIN,2010,1900000
Guinea,GIN,2011,1900000
Guinea,GIN,2012,1900000
Guinea,GIN,2013,1800000
Guinea,GIN,2014,1800000
Guinea,GIN,2015,1800000
Guinea,GIN,2016,1900000
Guinea,GIN,2017,2100000
Guinea-Bissau,GNB,2000,300000
Guinea-Bissau,GNB,2001,300000
Guinea-Bissau,GNB,2002,300000
Guinea-Bissau,GNB,2003,300000
Guinea-Bissau,GNB,2004,300000
Guinea-Bissau,GNB,2005,300000
Guinea-Bissau,GNB,2006,300000
Guinea-Bissau,GNB,2007,300000
Guinea-Bissau,GNB,2008,300000
Guinea-Bissau,GNB,2009,300000
Guinea-Bissau,GNB,2010,300000
Guinea-Bissau,GNB,2011,400000
Guinea-Bissau,GNB,2012,400000
Guinea-Bissau,GNB,2013,400000
Guinea-Bissau,GNB,2014,400000
Guinea-Bissau,GNB,2015,500000
Guinea-Bissau,GNB,2016,500000
Guinea-Bissau,GNB,2017,500000
Haiti,HTI,2000,4700000
Haiti,HTI,2001,4900000
Haiti,HTI,2002,5000000
Haiti,HTI,2003,5200000
Haiti,HTI,2004,5300000
Haiti,HTI,2005,5300000
Haiti,HTI,2006,5300000
Haiti,HTI,2007,5200000
Haiti,HTI,2008,5100000
Haiti,HTI,2009,5000000
Haiti,HTI,2010,5000000
Haiti,HTI,2011,5000000
Haiti,HTI,2012,5100000
Haiti,HTI,2013,5200000
Haiti,HTI,2014,5200000
Haiti,HTI,2015,5200000
Haiti,HTI,2016,5300000
Haiti,HTI,2017,5400000
Honduras,HND,2000,1300000
Honduras,HND,2001,1200000
Honduras,HND,2002,1200000
Honduras,HND,2003,1200000
Honduras,HND,2004,1200000
Honduras,HND,2005,1300000
Honduras,HND,2006,1200000
Honduras,HND,2007,1200000
Honduras,HND,2008,1200000
Honduras,HND,2009,1200000
Honduras,HND,2010,1200000
Honduras,HND,2011,1300000
Honduras,HND,2012,1300000
Honduras,HND,2013,1300000
Honduras,HND,2014,1300000
Honduras,HND,2015,1200000
Honduras,HND,2016,1200000
Honduras,HND,2017,1200000
India,IND,2000,191200000
India,IND,2001,208200000
India,IND,2002,229300000
India,IND,2003,246500000
India,IND,2004,256500000
India,IND,2005,253900000
India,IND,2006,241100000
India,IND,2007,225900000
India,IND,2008,216500000
India,IND,2009,214400000
India,IND,2010,215700000
India,IND,2011,217900000
India,IND,2012,218800000
India,IND,2013,216300000
India,IND,2014,210400000
India,IND,2015,202700000
India,IND,2016,196900000
India,IND,2017,194400000
Indonesia,IDN,2000,39200000
Indonesia,IDN,2001,40900000
Indonesia,IDN,2002,41900000
Indonesia,IDN,2003,42500000
Indonesia,IDN,2004,43300000
Indonesia,IDN,2005,44100000
Indonesia,IDN,2006,44400000
Indonesia,IDN,2007,43700000
Indonesia,IDN,2008,42100000
Indonesia,IDN,2009,37700000
Indonesia,IDN,2010,32300000
Indonesia,IDN,2011,26800000
Indonesia,IDN,2012,23900000
Indonesia,IDN,2013,22600000
Indonesia,IDN,2014,22300000
Indonesia,IDN,2015,22500000
Indonesia,IDN,2016,22300000
Indonesia,IDN,2017,22000000
Iran,IRN,2000,3300000
Iran,IRN,2001,3600000
Iran,IRN,2002,3900000
Iran,IRN,2003,4000000
Iran,IRN,2004,4100000
Iran,IRN,2005,4300000
Iran,IRN,2006,4600000
Iran,IRN,2007,4700000
Iran,IRN,2008,4700000
Iran,IRN,2009,4500000
Iran,IRN,2010,4400000
Iran,IRN,2011,4300000
Iran,IRN,2012,4300000
Iran,IRN,2013,4200000
Iran,IRN,2014,4100000
Iran,IRN,2015,4100000
Iran,IRN,2016,4000000
Iran,IRN,2017,4000000
Iraq,IRQ,2000,6700000
Iraq,IRQ,2001,6500000
Iraq,IRQ,2002,6600000
Iraq,IRQ,2003,6900000
Iraq,IRQ,2004,7200000
Iraq,IRQ,2005,7600000
Iraq,IRQ,2006,8100000
Iraq,IRQ,2007,8500000
Iraq,IRQ,2008,8600000
Iraq,IRQ,2009,8500000
Iraq,IRQ,2010,8400000
Iraq,IRQ,2011,8400000
Iraq,IRQ,2012,8700000
Iraq,IRQ,2013,9100000
Iraq,IRQ,2014,9600000
Iraq,IRQ,2015,10200000
Iraq,IRQ,2016,10700000
Iraq,IRQ,2017,11100000
Jamaica,JAM,2000,200000
Jamaica,JAM,2001,200000
Jamaica,JAM,2002,200000
Jamaica,JAM,2003,200000
Jamaica,JAM,2004,200000
Jamaica,JAM,2005,200000
Jamaica,JAM,2006,200000
Jamaica,JAM,2007,200000
Jamaica,JAM,2008,200000
Jamaica,JAM,2009,200000
Jamaica,JAM,2010,200000
Jamaica,JAM,2011,300000
Jamaica,JAM,2012,300000
Jamaica,JAM,2013,300000
Jamaica,JAM,2014,300000
Jamaica,JAM,2015,300000
Jamaica,JAM,2016,200000
Jamaica,JAM,2017,200000
Japan,JPN,2010,3300000
Jordan,JOR,2000,600000
Jordan,JOR,2001,600000
Jordan,JOR,2002,500000
Jordan,JOR,2003,400000
Jordan,JOR,2004,400000
Jordan,JOR,2005,400000
Jordan,JOR,2006,400000
Jordan,JOR,2007,400000
Jordan,JOR,2008,500000
Jordan,JOR,2009,500000
Jordan,JOR,2010,600000
Jordan,JOR,2011,700000
Jordan,JOR,2012,800000
Jordan,JOR,2013,900000
Jordan,JOR,2014,1000000
Jordan,JOR,2015,1100000
Jordan,JOR,2016,1100000
Jordan,JOR,2017,1200000
Kazakhstan,KAZ,2000,900000
Kazakhstan,KAZ,2001,800000
Kazakhstan,KAZ,2002,900000
Kazakhstan,KAZ,2003,900000
Kazakhstan,KAZ,2004,900000
Kazakhstan,KAZ,2005,900000
Kazakhstan,KAZ,2006,800000
Kazakhstan,KAZ,2007,700000
Kazakhstan,KAZ,2008,600000
Kazakhstan,KAZ,2009,600000
Kazakhstan,KAZ,2010,500000
Kazakhstan,KAZ,2011,500000
Kenya,KEN,2000,9800000
Kenya,KEN,2001,10300000
Kenya,KEN,2002,11000000
Kenya,KEN,2003,11300000
Kenya,KEN,2004,11000000
Kenya,KEN,2005,10200000
Kenya,KEN,2006,9800000
Kenya,KEN,2007,9700000
Kenya,KEN,2008,9900000
Kenya,KEN,2009,9900000
Kenya,KEN,2010,9700000
Kenya,KEN,2011,9600000
Kenya,KEN,2012,9800000
Kenya,KEN,2013,10000000
Kenya,KEN,2014,10500000
Kenya,KEN,2015,11800000
Kenya,KEN,2016,13300000
Kenya,KEN,2017,14600000
Kuwait,KWT,2016,100000
Kuwait,KWT,2017,100000
Kyrgyzstan,KGZ,2000,800000
Kyrgyzstan,KGZ,2001,800000
Kyrgyzstan,KGZ,2002,700000
Kyrgyzstan,KGZ,2003,600000
Kyrgyzstan,KGZ,2004,500000
Kyrgyzstan,KGZ,2005,500000
Kyrgyzstan,KGZ,2006,500000
Kyrgyzstan,KGZ,2007,500000
Kyrgyzstan,KGZ,2008,500000
Kyrgyzstan,KGZ,2009,500000
Kyrgyzstan,KGZ,2010,400000
Kyrgyzstan,KGZ,2011,400000
Kyrgyzstan,KGZ,2012,400000
Kyrgyzstan,KGZ,2013,400000
Kyrgyzstan,KGZ,2014,400000
Kyrgyzstan,KGZ,2015,400000
Kyrgyzstan,KGZ,2016,400000
Kyrgyzstan,KGZ,2017,400000
Land Locked Developing Countries,,2000,104600000
Land Locked Developing Countries,,2001,104400000
Land Locked Developing Countries,,2002,103800000
Land Locked Developing Countries,,2003,101600000
Land Locked Developing Countries,,2004,99400000
Land Locked Developing Countries,,2005,97500000
Land Locked Developing Countries,,2006,96800000
Land Locked Developing Countries,,2007,96300000
Land Locked Developing Countries,,2008,95500000
Land Locked Developing Countries,,2009,94500000
Land Locked Developing Countries,,2010,93600000
Land Locked Developing Countries,,2011,93300000
Land Locked Developing Countries,,2012,96900000
Land Locked Developing Countries,,2013,97900000
Land Locked Developing Countries,,2014,99500000
Land Locked Developing Countries,,2015,102800000
Land Locked Developing Countries,,2016,106400000
Land Locked Developing Countries,,2017,110100000
Laos,LAO,2000,2000000
Laos,LAO,2001,1900000
Laos,LAO,2002,1900000
Laos,LAO,2003,1800000
Laos,LAO,2004,1600000
Laos,LAO,2005,1600000
Laos,LAO,2006,1500000
Laos,LAO,2007,1500000
Laos,LAO,2008,1400000
Laos,LAO,2009,1400000
Laos,LAO,2010,1300000
Laos,LAO,2011,1200000
Laos,LAO,2012,1200000
Laos,LAO,2013,1200000
Laos,LAO,2014,1100000
Laos,LAO,2015,1100000
Laos,LAO,2016,1100000
Laos,LAO,2017,1100000
"Latin America and the Caribbean	",,2000,63000000
"Latin America and the Caribbean	",,2001,60600000
"Latin America and the Caribbean	",,2002,58600000
"Latin America and the Caribbean	",,2003,56500000
"Latin America and the Caribbean	",,2004,54100000
"Latin America and the Caribbean	",,2005,51000000
"Latin America and the Caribbean	",,2006,47600000
"Latin America and the Caribbean	",,2007,44700000
"Latin America and the Caribbean	",,2008,42900000
"Latin America and the Caribbean	",,2009,41700000
"Latin America and the Caribbean	",,2010,40700000
"Latin America and the Caribbean	",,2011,39600000
"Latin America and the Caribbean	",,2012,38900000
"Latin America and the Caribbean	",,2013,38400000
"Latin America and the Caribbean	",,2014,38500000
"Latin America and the Caribbean	",,2015,39200000
"Latin America and the Caribbean	",,2016,40400000
"Latin America and the Caribbean	",,2017,41500000
Latvia,LVA,2000,100000
Latvia,LVA,2001,100000
Least Developed Countries,,2000,229000000
Least Developed Countries,,2001,226000000
Least Developed Countries,,2002,224500000
Least Developed Countries,,2003,221900000
Least Developed Countries,,2004,219000000
Least Developed Countries,,2005,215700000
Least Developed Countries,,2006,213600000
Least Developed Countries,,2007,212200000
Least Developed Countries,,2008,211700000
Least Developed Countries,,2009,210900000
Least Developed Countries,,2010,211000000
Least Developed Countries,,2011,211500000
Least Developed Countries,,2012,213800000
Least Developed Countries,,2013,215300000
Least Developed Countries,,2014,218100000
Least Developed Countries,,2015,223600000
Least Developed Countries,,2016,230100000
Least Developed Countries,,2017,236900000
Lebanon,LBN,2003,100000
Lebanon,LBN,2004,100000
Lebanon,LBN,2005,100000
Lebanon,LBN,2006,100000
Lebanon,LBN,2007,100000
Lebanon,LBN,2008,100000
Lebanon,LBN,2009,200000
Lebanon,LBN,2010,200000
Lebanon,LBN,2011,300000
Lebanon,LBN,2012,400000
Lebanon,LBN,2013,500000
Lebanon,LBN,2014,600000
Lebanon,LBN,2015,600000
Lebanon,LBN,2016,700000
Lebanon,LBN,2017,700000
Lesotho,LSO,2000,300000
Lesotho,LSO,2001,200000
Lesotho,LSO,2002,200000
Lesotho,LSO,2003,200000
Lesotho,LSO,2004,200000
Lesotho,LSO,2005,200000
Lesotho,LSO,2006,200000
Lesotho,LSO,2007,200000
Lesotho,LSO,2008,200000
Lesotho,LSO,2009,300000
Lesotho,LSO,2010,300000
Lesotho,LSO,2011,300000
Lesotho,LSO,2012,300000
Lesotho,LSO,2013,300000
Lesotho,LSO,2014,300000
Lesotho,LSO,2015,300000
Lesotho,LSO,2016,300000
Lesotho,LSO,2017,300000
Liberia,LBR,2000,1100000
Liberia,LBR,2001,1200000
Liberia,LBR,2002,1200000
Liberia,LBR,2003,1300000
Liberia,LBR,2004,1300000
Liberia,LBR,2005,1300000
Liberia,LBR,2006,1300000
Liberia,LBR,2007,1300000
Liberia,LBR,2008,1400000
Liberia,LBR,2009,1400000
Liberia,LBR,2010,1400000
Liberia,LBR,2011,1500000
Liberia,LBR,2012,1600000
Liberia,LBR,2013,1600000
Liberia,LBR,2014,1700000
Liberia,LBR,2015,1700000
Liberia,LBR,2016,1800000
Liberia,LBR,2017,1800000
Low Income Food Deficit Countries,,2000,462100000
Low Income Food Deficit Countries,,2001,481100000
Low Income Food Deficit Countries,,2002,505400000
Low Income Food Deficit Countries,,2003,521100000
Low Income Food Deficit Countries,,2004,526800000
Low Income Food Deficit Countries,,2005,518900000
Low Income Food Deficit Countries,,2006,503900000
Low Income Food Deficit Countries,,2007,488800000
Low Income Food Deficit Countries,,2008,481400000
Low Income Food Deficit Countries,,2009,480800000
Low Income Food Deficit Countries,,2010,484900000
Low Income Food Deficit Countries,,2011,490400000
Low Income Food Deficit Countries,,2012,497500000
Low Income Food Deficit Countries,,2013,501200000
Low Income Food Deficit Countries,,2014,503100000
Low Income Food Deficit Countries,,2015,506400000
Low Income Food Deficit Countries,,2016,514100000
Low Income Food Deficit Countries,,2017,524900000
Low income,,2000,161300000
Low income,,2001,162300000
Low income,,2002,162800000
Low income,,2003,162100000
Low income,,2004,160700000
Low income,,2005,159500000
Low income,,2006,159700000
Low income,,2007,160500000
Low income,,2008,161600000
Low income,,2009,161700000
Low income,,2010,162800000
Low income,,2011,164300000
Low income,,2012,170800000
Low income,,2013,174800000
Low income,,2014,180200000
Low income,,2015,187700000
Low income,,2016,195500000
Low income,,2017,202800000
Lower middle income,,2000,431400000
Lower middle income,,2001,447400000
Lower middle income,,2002,468600000
Lower middle income,,2003,482400000
Lower middle income,,2004,487400000
Lower middle income,,2005,479100000
Lower middle income,,2006,461100000
Lower middle income,,2007,441000000
Lower middle income,,2008,427200000
Lower middle income,,2009,419300000
Lower middle income,,2010,415200000
Lower middle income,,2011,412400000
Lower middle income,,2012,419700000
Lower middle income,,2013,416100000
Lower middle income,,2014,410400000
Lower middle income,,2015,405400000
Lower middle income,,2016,405300000
Lower middle income,,2017,409100000
Macedonia,MKD,2000,200000
Macedonia,MKD,2001,200000
Macedonia,MKD,2002,200000
Macedonia,MKD,2003,200000
Macedonia,MKD,2004,100000
Macedonia,MKD,2005,100000
Macedonia,MKD,2006,100000
Madagascar,MDG,2000,5400000
Madagascar,MDG,2001,5800000
Madagascar,MDG,2002,6200000
Madagascar,MDG,2003,6500000
Madagascar,MDG,2004,6600000
Madagascar,MDG,2005,6400000
Madagascar,MDG,2006,6300000
Madagascar,MDG,2007,6300000
Madagascar,MDG,2008,6400000
Madagascar,MDG,2009,6600000
Madagascar,MDG,2010,6700000
Madagascar,MDG,2011,7000000
Madagascar,MDG,2012,7500000
Madagascar,MDG,2013,8200000
Madagascar,MDG,2014,9100000
Madagascar,MDG,2015,10000000
Madagascar,MDG,2016,10700000
Madagascar,MDG,2017,11400000
Malawi,MWI,2000,3100000
Malawi,MWI,2001,3100000
Malawi,MWI,2002,3200000
Malawi,MWI,2003,3400000
Malawi,MWI,2004,3500000
Malawi,MWI,2005,3400000
Malawi,MWI,2006,3300000
Malawi,MWI,2007,3200000
Malawi,MWI,2008,3200000
Malawi,MWI,2009,3200000
Malawi,MWI,2010,3300000
Malawi,MWI,2011,3300000
Malawi,MWI,2012,3300000
Malawi,MWI,2013,3200000
Malawi,MWI,2014,3100000
Malawi,MWI,2015,3100000
Malawi,MWI,2016,3200000
Malawi,MWI,2017,3300000
Malaysia,MYS,2000,700000
Malaysia,MYS,2001,800000
Malaysia,MYS,2002,900000
Malaysia,MYS,2003,900000
Malaysia,MYS,2004,1000000
Malaysia,MYS,2005,1000000
Malaysia,MYS,2006,1100000
Malaysia,MYS,2007,1100000
Malaysia,MYS,2008,1100000
Malaysia,MYS,2009,1100000
Malaysia,MYS,2010,1100000
Malaysia,MYS,2011,1000000
Malaysia,MYS,2012,1000000
Malaysia,MYS,2013,1000000
Malaysia,MYS,2014,900000
Malaysia,MYS,2015,900000
Malaysia,MYS,2016,800000
Malaysia,MYS,2017,800000
Mali,MLI,2000,1600000
Mali,MLI,2001,1600000
Mali,MLI,2002,1600000
Mali,MLI,2003,1500000
Mali,MLI,2004,1500000
Mali,MLI,2005,1400000
Mali,MLI,2006,1300000
Mali,MLI,2007,1200000
Mali,MLI,2008,1100000
Mali,MLI,2009,1100000
Mali,MLI,2010,1000000
Mali,MLI,2011,1000000
Mali,MLI,2012,1000000
Mali,MLI,2013,1000000
Mali,MLI,2014,1000000
Mali,MLI,2015,1000000
Mali,MLI,2016,1100000
Mali,MLI,2017,1200000
Mauritania,MRT,2000,300000
Mauritania,MRT,2001,300000
Mauritania,MRT,2002,300000
Mauritania,MRT,2003,300000
Mauritania,MRT,2004,400000
Mauritania,MRT,2005,400000
Mauritania,MRT,2006,400000
Mauritania,MRT,2007,300000
Mauritania,MRT,2008,300000
Mauritania,MRT,2009,300000
Mauritania,MRT,2010,300000
Mauritania,MRT,2011,300000
Mauritania,MRT,2012,300000
Mauritania,MRT,2013,300000
Mauritania,MRT,2014,300000
Mauritania,MRT,2015,400000
Mauritania,MRT,2016,400000
Mauritania,MRT,2017,500000
Mexico,MEX,2000,4500000
Mexico,MEX,2001,4500000
Mexico,MEX,2002,5000000
Mexico,MEX,2003,5800000
Mexico,MEX,2004,6200000
Mexico,MEX,2005,6000000
Mexico,MEX,2006,5500000
Mexico,MEX,2007,5300000
Mexico,MEX,2008,5300000
Mexico,MEX,2009,5400000
Mexico,MEX,2010,5400000
Mexico,MEX,2011,5500000
Mexico,MEX,2012,5400000
Mexico,MEX,2013,5300000
Mexico,MEX,2014,5000000
Mexico,MEX,2015,4900000
Mexico,MEX,2016,4800000
Mexico,MEX,2017,4700000
Middle Africa,,2000,37800000
Middle Africa,,2001,37700000
Middle Africa,,2002,37700000
Middle Africa,,2003,37300000
Middle Africa,,2004,36800000
Middle Africa,,2005,36300000
Middle Africa,,2006,36300000
Middle Africa,,2007,36400000
Middle Africa,,2008,36600000
Middle Africa,,2009,36600000
Middle Africa,,2010,36600000
Middle Africa,,2011,36600000
Middle Africa,,2012,36500000
Middle Africa,,2013,36500000
Middle Africa,,2014,37000000
Middle Africa,,2015,38600000
Middle Africa,,2016,40800000
Middle Africa,,2017,43000000
Mongolia,MNG,2000,800000
Mongolia,MNG,2001,800000
Mongolia,MNG,2002,800000
Mongolia,MNG,2003,800000
Mongolia,MNG,2004,800000
Mongolia,MNG,2005,800000
Mongolia,MNG,2006,700000
Mongolia,MNG,2007,700000
Mongolia,MNG,2008,600000
Mongolia,MNG,2009,600000
Mongolia,MNG,2010,600000
Mongolia,MNG,2011,500000
Mongolia,MNG,2012,500000
Mongolia,MNG,2013,500000
Mongolia,MNG,2014,400000
Mongolia,MNG,2015,400000
Mongolia,MNG,2016,400000
Mongolia,MNG,2017,400000
Morocco,MAR,2000,2000000
Morocco,MAR,2001,2000000
Morocco,MAR,2002,1900000
Morocco,MAR,2003,1800000
Morocco,MAR,2004,1700000
Morocco,MAR,2005,1700000
Morocco,MAR,2006,1700000
Morocco,MAR,2007,1700000
Morocco,MAR,2008,1700000
Morocco,MAR,2009,1700000
Morocco,MAR,2010,1700000
Morocco,MAR,2011,1600000
Morocco,MAR,2012,1500000
Morocco,MAR,2013,1400000
Morocco,MAR,2014,1300000
Morocco,MAR,2015,1200000
Morocco,MAR,2016,1200000
Morocco,MAR,2017,1200000
Mozambique,MOZ,2000,7400000
Mozambique,MOZ,2001,7500000
Mozambique,MOZ,2002,7500000
Mozambique,MOZ,2003,7500000
Mozambique,MOZ,2004,7600000
Mozambique,MOZ,2005,7800000
Mozambique,MOZ,2006,7700000
Mozambique,MOZ,2007,7700000
Mozambique,MOZ,2008,7400000
Mozambique,MOZ,2009,7200000
Mozambique,MOZ,2010,6900000
Mozambique,MOZ,2011,6800000
Mozambique,MOZ,2012,6800000
Mozambique,MOZ,2013,7000000
Mozambique,MOZ,2014,7300000
Mozambique,MOZ,2015,7600000
Mozambique,MOZ,2016,7900000
Mozambique,MOZ,2017,8300000
Myanmar,MMR,2000,22200000
Myanmar,MMR,2001,20900000
Myanmar,MMR,2002,19500000
Myanmar,MMR,2003,18200000
Myanmar,MMR,2004,16900000
Myanmar,MMR,2005,15500000
Myanmar,MMR,2006,13900000
Myanmar,MMR,2007,12200000
Myanmar,MMR,2008,10700000
Myanmar,MMR,2009,9500000
Myanmar,MMR,2010,8500000
Myanmar,MMR,2011,7800000
Myanmar,MMR,2012,7100000
Myanmar,MMR,2013,6600000
Myanmar,MMR,2014,6100000
Myanmar,MMR,2015,5800000
Myanmar,MMR,2016,5600000
Myanmar,MMR,2017,5700000
Namibia,NAM,2000,500000
Namibia,NAM,2001,500000
Namibia,NAM,2002,500000
Namibia,NAM,2003,500000
Namibia,NAM,2004,500000
Namibia,NAM,2005,500000
Namibia,NAM,2006,500000
Namibia,NAM,2007,600000
Namibia,NAM,2008,700000
Namibia,NAM,2009,800000
Namibia,NAM,2010,800000
Namibia,NAM,2011,800000
Namibia,NAM,2012,800000
Namibia,NAM,2013,700000
Namibia,NAM,2014,700000
Namibia,NAM,2015,700000
Namibia,NAM,2016,700000
Namibia,NAM,2017,700000
Nepal,NPL,2000,5200000
Nepal,NPL,2001,5200000
Nepal,NPL,2002,5000000
Nepal,NPL,2003,4700000
Nepal,NPL,2004,4400000
Nepal,NPL,2005,4100000
Nepal,NPL,2006,3900000
Nepal,NPL,2007,3700000
Nepal,NPL,2008,3300000
Nepal,NPL,2009,3000000
Nepal,NPL,2010,2700000
Nepal,NPL,2011,2600000
Nepal,NPL,2012,2500000
Nepal,NPL,2013,2500000
Nepal,NPL,2014,2600000
Nepal,NPL,2015,2600000
Nepal,NPL,2016,2600000
Nepal,NPL,2017,2500000
Nicaragua,NIC,2000,1600000
Nicaragua,NIC,2001,1500000
Nicaragua,NIC,2002,1400000
Nicaragua,NIC,2003,1400000
Nicaragua,NIC,2004,1400000
Nicaragua,NIC,2005,1300000
Nicaragua,NIC,2006,1300000
Nicaragua,NIC,2007,1200000
Nicaragua,NIC,2008,1200000
Nicaragua,NIC,2009,1200000
Nicaragua,NIC,2010,1200000
Nicaragua,NIC,2011,1200000
Nicaragua,NIC,2012,1100000
Nicaragua,NIC,2013,1100000
Nicaragua,NIC,2014,1000000
Nicaragua,NIC,2015,1000000
Nicaragua,NIC,2016,1000000
Nicaragua,NIC,2017,1100000
Niger,NER,2000,2500000
Niger,NER,2001,2300000
Niger,NER,2002,2300000
Niger,NER,2003,2200000
Niger,NER,2004,2100000
Niger,NER,2005,2100000
Niger,NER,2006,2000000
Niger,NER,2007,2000000
Niger,NER,2008,1900000
Niger,NER,2009,1900000
Niger,NER,2010,1800000
Niger,NER,2011,1900000
Niger,NER,2012,1900000
Niger,NER,2013,1900000
Niger,NER,2014,2000000
Niger,NER,2015,2300000
Niger,NER,2016,2900000
Niger,NER,2017,3600000
Nigeria,NGA,2000,11400000
Nigeria,NGA,2001,11300000
Nigeria,NGA,2002,11500000
Nigeria,NGA,2003,11000000
Nigeria,NGA,2004,10100000
Nigeria,NGA,2005,9100000
Nigeria,NGA,2006,8700000
Nigeria,NGA,2007,8700000
Nigeria,NGA,2008,9000000
Nigeria,NGA,2009,9500000
Nigeria,NGA,2010,9900000
Nigeria,NGA,2011,10600000
Nigeria,NGA,2012,11700000
Nigeria,NGA,2013,13400000
Nigeria,NGA,2014,15200000
Nigeria,NGA,2015,17400000
Nigeria,NGA,2016,21400000
Nigeria,NGA,2017,25600000
North Africa (exc Sudan),,2000,9600000
North Africa (exc Sudan),,2001,9500000
North Africa (exc Sudan),,2002,9500000
North Africa (exc Sudan),,2003,9500000
North Africa (exc Sudan),,2004,9600000
North Africa (exc Sudan),,2005,9600000
North Africa (exc Sudan),,2006,9300000
North Africa (exc Sudan),,2007,9100000
North Africa (exc Sudan),,2008,8800000
North Africa (exc Sudan),,2009,8700000
North Africa (exc Sudan),,2010,8600000
North Africa (exc Sudan),,2011,8600000
North Africa (exc Sudan),,2012,8400000
North Africa (exc Sudan),,2013,8200000
North Africa (exc Sudan),,2014,8000000
North Africa (exc Sudan),,2015,8000000
North Africa (exc Sudan),,2016,8100000
North Africa (exc Sudan),,2017,8300000
North Korea,PRK,2000,8600000
North Korea,PRK,2001,8600000
North Korea,PRK,2002,8300000
North Korea,PRK,2003,8100000
North Korea,PRK,2004,8100000
North Korea,PRK,2005,8400000
North Korea,PRK,2006,9000000
North Korea,PRK,2007,9500000
North Korea,PRK,2008,9900000
North Korea,PRK,2009,10200000
North Korea,PRK,2010,10300000
North Korea,PRK,2011,10300000
North Korea,PRK,2012,10500000
North Korea,PRK,2013,10600000
North Korea,PRK,2014,10900000
North Korea,PRK,2015,11200000
North Korea,PRK,2016,11700000
North Korea,PRK,2017,12200000
Northern Africa,,2000,9600000
Northern Africa,,2001,9500000
Northern Africa,,2002,9500000
Northern Africa,,2003,9500000
Northern Africa,,2004,9600000
Northern Africa,,2005,9600000
Northern Africa,,2006,9300000
Northern Africa,,2007,9100000
Northern Africa,,2008,8800000
Northern Africa,,2009,8700000
Northern Africa,,2010,8600000
Northern Africa,,2011,8600000
Northern Africa,,2012,17000000
Northern Africa,,2013,16500000
Northern Africa,,2014,16000000
Northern Africa,,2015,15800000
Northern Africa,,2016,16000000
Northern Africa,,2017,16500000
Northern Africa and Western Asia,,2000,28800000
Northern Africa and Western Asia,,2001,28600000
Northern Africa and Western Asia,,2002,28600000
Northern Africa and Western Asia,,2003,28900000
Northern Africa and Western Asia,,2004,29000000
Northern Africa and Western Asia,,2005,29100000
Northern Africa and Western Asia,,2006,29000000
Northern Africa and Western Asia,,2007,29000000
Northern Africa and Western Asia,,2008,29100000
Northern Africa and Western Asia,,2009,28900000
Northern Africa and Western Asia,,2010,29600000
Northern Africa and Western Asia,,2011,30400000
Northern Africa and Western Asia,,2012,40200000
Northern Africa and Western Asia,,2013,41000000
Northern Africa and Western Asia,,2014,42400000
Northern Africa and Western Asia,,2015,44300000
Northern Africa and Western Asia,,2016,46700000
Northern Africa and Western Asia,,2017,48800000
Oceania,,2000,1700000
Oceania,,2001,1700000
Oceania,,2002,1700000
Oceania,,2003,1800000
Oceania,,2004,1800000
Oceania,,2005,1800000
Oceania,,2006,1800000
Oceania,,2007,1800000
Oceania,,2008,1800000
Oceania,,2009,1800000
Oceania,,2010,1900000
Oceania,,2011,2000000
Oceania,,2012,2100000
Oceania,,2013,2200000
Oceania,,2014,2300000
Oceania,,2015,2300000
Oceania,,2016,2400000
Oceania,,2017,2500000
Oman,OMN,2000,300000
Oman,OMN,2001,300000
Oman,OMN,2002,300000
Oman,OMN,2003,300000
Oman,OMN,2004,300000
Oman,OMN,2005,300000
Oman,OMN,2006,200000
Oman,OMN,2007,200000
Oman,OMN,2008,200000
Oman,OMN,2009,200000
Oman,OMN,2010,200000
Oman,OMN,2011,200000
Oman,OMN,2012,200000
Oman,OMN,2013,200000
Oman,OMN,2014,200000
Oman,OMN,2015,200000
Oman,OMN,2016,300000
Oman,OMN,2017,300000
Pakistan,PAK,2000,32500000
Pakistan,PAK,2001,35100000
Pakistan,PAK,2002,37300000
Pakistan,PAK,2003,37600000
Pakistan,PAK,2004,36900000
Pakistan,PAK,2005,35900000
Pakistan,PAK,2006,35300000
Pakistan,PAK,2007,34900000
Pakistan,PAK,2008,34900000
Pakistan,PAK,2009,35300000
Pakistan,PAK,2010,35900000
Pakistan,PAK,2011,36700000
Pakistan,PAK,2012,37400000
Pakistan,PAK,2013,38100000
Pakistan,PAK,2014,38900000
Pakistan,PAK,2015,39300000
Pakistan,PAK,2016,39700000
Pakistan,PAK,2017,40000000
Panama,PAN,2000,800000
Panama,PAN,2001,800000
Panama,PAN,2002,800000
Panama,PAN,2003,700000
Panama,PAN,2004,800000
Panama,PAN,2005,800000
Panama,PAN,2006,700000
Panama,PAN,2007,600000
Panama,PAN,2008,600000
Panama,PAN,2009,500000
Panama,PAN,2010,500000
Panama,PAN,2011,400000
Panama,PAN,2012,400000
Panama,PAN,2013,400000
Panama,PAN,2014,400000
Panama,PAN,2015,400000
Panama,PAN,2016,400000
Panama,PAN,2017,400000
Paraguay,PRY,2000,700000
Paraguay,PRY,2001,700000
Paraguay,PRY,2002,600000
Paraguay,PRY,2003,600000
Paraguay,PRY,2004,600000
Paraguay,PRY,2005,700000
Paraguay,PRY,2006,700000
Paraguay,PRY,2007,800000
Paraguay,PRY,2008,800000
Paraguay,PRY,2009,800000
Paraguay,PRY,2010,800000
Paraguay,PRY,2011,700000
Paraguay,PRY,2012,800000
Paraguay,PRY,2013,800000
Paraguay,PRY,2014,800000
Paraguay,PRY,2015,700000
Paraguay,PRY,2016,700000
Paraguay,PRY,2017,700000
Peru,PER,2000,5700000
Peru,PER,2001,5700000
Peru,PER,2002,5900000
Peru,PER,2003,6100000
Peru,PER,2004,5900000
Peru,PER,2005,5400000
Peru,PER,2006,4900000
Peru,PER,2007,4500000
Peru,PER,2008,4100000
Peru,PER,2009,3700000
Peru,PER,2010,3300000
Peru,PER,2011,3000000
Peru,PER,2012,2800000
Peru,PER,2013,2800000
Peru,PER,2014,2800000
Peru,PER,2015,3000000
Peru,PER,2016,3100000
Peru,PER,2017,3100000
Philippines,PHL,2000,15900000
Philippines,PHL,2001,15700000
Philippines,PHL,2002,15600000
Philippines,PHL,2003,15300000
Philippines,PHL,2004,14700000
Philippines,PHL,2005,14100000
Philippines,PHL,2006,13300000
Philippines,PHL,2007,12600000
Philippines,PHL,2008,12100000
Philippines,PHL,2009,12000000
Philippines,PHL,2010,12400000
Philippines,PHL,2011,13100000
Philippines,PHL,2012,13700000
Philippines,PHL,2013,14000000
Philippines,PHL,2014,14000000
Philippines,PHL,2015,13900000
Philippines,PHL,2016,13900000
Philippines,PHL,2017,13900000
Russia,RUS,2000,7400000
Russia,RUS,2001,6400000
Russia,RUS,2002,5400000
Russia,RUS,2003,4500000
Russia,RUS,2004,3700000
Rwanda,RWA,2000,4400000
Rwanda,RWA,2001,4100000
Rwanda,RWA,2002,3900000
Rwanda,RWA,2003,3900000
Rwanda,RWA,2004,4000000
Rwanda,RWA,2005,4000000
Rwanda,RWA,2006,4000000
Rwanda,RWA,2007,3900000
Rwanda,RWA,2008,3700000
Rwanda,RWA,2009,3600000
Rwanda,RWA,2010,3500000
Rwanda,RWA,2011,3500000
Rwanda,RWA,2012,3500000
Rwanda,RWA,2013,3600000
Rwanda,RWA,2014,3800000
Rwanda,RWA,2015,4100000
Rwanda,RWA,2016,4300000
Rwanda,RWA,2017,4500000
Saudi Arabia,SAU,2000,1300000
Saudi Arabia,SAU,2001,1400000
Saudi Arabia,SAU,2002,1500000
Saudi Arabia,SAU,2003,1700000
Saudi Arabia,SAU,2004,1800000
Saudi Arabia,SAU,2005,1900000
Saudi Arabia,SAU,2006,1900000
Saudi Arabia,SAU,2007,1900000
Saudi Arabia,SAU,2008,2000000
Saudi Arabia,SAU,2009,2000000
Saudi Arabia,SAU,2010,1900000
Saudi Arabia,SAU,2011,1800000
Saudi Arabia,SAU,2012,1700000
Saudi Arabia,SAU,2013,1600000
Saudi Arabia,SAU,2014,1600000
Saudi Arabia,SAU,2015,1800000
Saudi Arabia,SAU,2016,2000000
Saudi Arabia,SAU,2017,2300000
Senegal,SEN,2000,2800000
Senegal,SEN,2001,2800000
Senegal,SEN,2002,2800000
Senegal,SEN,2003,2700000
Senegal,SEN,2004,2600000
Senegal,SEN,2005,2400000
Senegal,SEN,2006,2200000
Senegal,SEN,2007,2000000
Senegal,SEN,2008,1800000
Senegal,SEN,2009,1700000
Senegal,SEN,2010,1700000
Senegal,SEN,2011,1700000
Senegal,SEN,2012,1800000
Senegal,SEN,2013,1900000
Senegal,SEN,2014,1900000
Senegal,SEN,2015,1900000
Senegal,SEN,2016,1900000
Senegal,SEN,2017,1800000
Serbia,SRB,2006,500000
Serbia,SRB,2007,500000
Serbia,SRB,2008,500000
Serbia,SRB,2009,500000
Serbia,SRB,2010,500000
Serbia,SRB,2011,500000
Serbia,SRB,2012,500000
Serbia,SRB,2013,500000
Serbia,SRB,2014,500000
Serbia,SRB,2015,500000
Serbia,SRB,2016,500000
Serbia,SRB,2017,500000
Sierra Leone,SLE,2000,1800000
Sierra Leone,SLE,2001,1900000
Sierra Leone,SLE,2002,2000000
Sierra Leone,SLE,2003,2100000
Sierra Leone,SLE,2004,2100000
Sierra Leone,SLE,2005,2100000
Sierra Leone,SLE,2006,2000000
Sierra Leone,SLE,2007,1900000
Sierra Leone,SLE,2008,1900000
Sierra Leone,SLE,2009,1800000
Sierra Leone,SLE,2010,1700000
Sierra Leone,SLE,2011,1700000
Sierra Leone,SLE,2012,1600000
Sierra Leone,SLE,2013,1600000
Sierra Leone,SLE,2014,1600000
Sierra Leone,SLE,2015,1700000
Sierra Leone,SLE,2016,1800000
Sierra Leone,SLE,2017,1900000
Slovakia,SVK,2000,300000
Slovakia,SVK,2001,300000
Slovakia,SVK,2002,400000
Slovakia,SVK,2003,400000
Slovakia,SVK,2004,300000
Slovakia,SVK,2005,300000
Slovakia,SVK,2006,300000
Slovakia,SVK,2007,300000
Slovakia,SVK,2008,300000
Slovakia,SVK,2009,300000
Slovakia,SVK,2010,200000
Slovakia,SVK,2011,200000
Slovakia,SVK,2012,200000
Slovakia,SVK,2013,200000
Slovakia,SVK,2014,200000
Slovakia,SVK,2015,200000
Slovakia,SVK,2016,200000
Slovakia,SVK,2017,200000
Small island developing States,,2000,12100000
Small island developing States,,2001,12100000
Small island developing States,,2002,12300000
Small island developing States,,2003,12600000
Small island developing States,,2004,12600000
Small island developing States,,2005,12500000
Small island developing States,,2006,12300000
Small island developing States,,2007,12200000
Small island developing States,,2008,12000000
Small island developing States,,2009,11800000
Small island developing States,,2010,11500000
Small island developing States,,2011,11400000
Small island developing States,,2012,11400000
Small island developing States,,2013,11500000
Small island developing States,,2014,11600000
Small island developing States,,2015,11600000
Small island developing States,,2016,11700000
Small island developing States,,2017,11800000
South Africa,ZAF,2000,2300000
South Africa,ZAF,2001,2200000
South Africa,ZAF,2002,2100000
South Africa,ZAF,2003,2100000
South Africa,ZAF,2004,2100000
South Africa,ZAF,2005,2100000
South Africa,ZAF,2006,2200000
South Africa,ZAF,2007,2300000
South Africa,ZAF,2008,2300000
South Africa,ZAF,2009,2300000
South Africa,ZAF,2010,2300000
South Africa,ZAF,2011,2300000
South Africa,ZAF,2012,2400000
South Africa,ZAF,2013,2600000
South Africa,ZAF,2014,2800000
South Africa,ZAF,2015,3200000
South Africa,ZAF,2016,3400000
South Africa,ZAF,2017,3500000
South America,,2000,42600000
South America,,2001,40700000
South America,,2002,38300000
South America,,2003,35300000
South America,,2004,32400000
South America,,2005,29600000
South America,,2006,27100000
South America,,2007,24600000
South America,,2008,22700000
South America,,2009,21700000
South America,,2010,20900000
South America,,2011,20000000
South America,,2012,19300000
South America,,2013,19000000
South America,,2014,19500000
South America,,2015,20600000
South America,,2016,22000000
South America,,2017,23100000
South Asia (exc India),,2000,81200000
South Asia (exc India),,2001,82400000
South Asia (exc India),,2002,84300000
South Asia (exc India),,2003,83600000
South Asia (exc India),,2004,81900000
South Asia (exc India),,2005,80200000
South Asia (exc India),,2006,78900000
South Asia (exc India),,2007,77800000
South Asia (exc India),,2008,77200000
South Asia (exc India),,2009,77200000
South Asia (exc India),,2010,78000000
South Asia (exc India),,2011,79100000
South Asia (exc India),,2012,80200000
South Asia (exc India),,2013,81400000
South Asia (exc India),,2014,82500000
South Asia (exc India),,2015,83200000
South Asia (exc India),,2016,83400000
South Asia (exc India),,2017,83400000
South Eastern Asia,,2000,116200000
South Eastern Asia,,2001,114500000
South Eastern Asia,,2002,111700000
South Eastern Asia,,2003,108900000
South Eastern Asia,,2004,106100000
South Eastern Asia,,2005,103600000
South Eastern Asia,,2006,100100000
South Eastern Asia,,2007,96000000
South Eastern Asia,,2008,91200000
South Eastern Asia,,2009,84600000
South Eastern Asia,,2010,77500000
South Eastern Asia,,2011,71000000
South Eastern Asia,,2012,67300000
South Eastern Asia,,2013,64900000
South Eastern Asia,,2014,63300000
South Eastern Asia,,2015,62300000
South Eastern Asia,,2016,61600000
South Eastern Asia,,2017,61200000
Southern Africa,,2000,3800000
Southern Africa,,2001,3700000
Southern Africa,,2002,3600000
Southern Africa,,2003,3600000
Southern Africa,,2004,3600000
Southern Africa,,2005,3600000
Southern Africa,,2006,3800000
Southern Africa,,2007,4000000
Southern Africa,,2008,4200000
Southern Africa,,2009,4200000
Southern Africa,,2010,4200000
Southern Africa,,2011,4200000
Southern Africa,,2012,4300000
Southern Africa,,2013,4400000
Southern Africa,,2014,4700000
Southern Africa,,2015,5000000
Southern Africa,,2016,5300000
Southern Africa,,2017,5400000
Southern Asia,,2000,272400000
Southern Asia,,2001,290600000
Southern Asia,,2002,313700000
Southern Asia,,2003,330100000
Southern Asia,,2004,338400000
Southern Asia,,2005,334000000
Southern Asia,,2006,320000000
Southern Asia,,2007,303700000
Southern Asia,,2008,293700000
Southern Asia,,2009,291500000
Southern Asia,,2010,293700000
Southern Asia,,2011,297000000
Southern Asia,,2012,299000000
Southern Asia,,2013,297600000
Southern Asia,,2014,292900000
Southern Asia,,2015,285900000
Southern Asia,,2016,280300000
Southern Asia,,2017,277700000
Sri Lanka,LKA,2000,3500000
Sri Lanka,LKA,2001,3500000
Sri Lanka,LKA,2002,3600000
Sri Lanka,LKA,2003,3600000
Sri Lanka,LKA,2004,3600000
Sri Lanka,LKA,2005,3600000
Sri Lanka,LKA,2006,3400000
Sri Lanka,LKA,2007,3300000
Sri Lanka,LKA,2008,3100000
Sri Lanka,LKA,2009,2900000
Sri Lanka,LKA,2010,2800000
Sri Lanka,LKA,2011,2600000
Sri Lanka,LKA,2012,2500000
Sri Lanka,LKA,2013,2300000
Sri Lanka,LKA,2014,2100000
Sri Lanka,LKA,2015,2000000
Sri Lanka,LKA,2016,1900000
Sri Lanka,LKA,2017,1900000
Sub-Saharan Africa,,2000,182000000
Sub-Saharan Africa,,2001,182300000
Sub-Saharan Africa,,2002,183400000
Sub-Saharan Africa,,2003,182400000
Sub-Saharan Africa,,2004,180200000
Sub-Saharan Africa,,2005,177300000
Sub-Saharan Africa,,2006,177000000
Sub-Saharan Africa,,2007,178300000
Sub-Saharan Africa,,2008,180100000
Sub-Saharan Africa,,2009,180700000
Sub-Saharan Africa,,2010,181200000
Sub-Saharan Africa,,2011,182200000
Sub-Saharan Africa,,2012,187800000
Sub-Saharan Africa,,2013,191400000
Sub-Saharan Africa,,2014,196400000
Sub-Saharan Africa,,2015,205700000
Sub-Saharan Africa,,2016,217700000
Sub-Saharan Africa,,2017,229900000
Sub-Saharan Africa (inc. Sudan),,2000,191100000
Sub-Saharan Africa (inc. Sudan),,2001,191200000
Sub-Saharan Africa (inc. Sudan),,2002,192400000
Sub-Saharan Africa (inc. Sudan),,2003,191600000
Sub-Saharan Africa (inc. Sudan),,2004,189600000
Sub-Saharan Africa (inc. Sudan),,2005,186800000
Sub-Saharan Africa (inc. Sudan),,2006,186600000
Sub-Saharan Africa (inc. Sudan),,2007,187900000
Sub-Saharan Africa (inc. Sudan),,2008,190000000
Sub-Saharan Africa (inc. Sudan),,2009,191000000
Sub-Saharan Africa (inc. Sudan),,2010,191900000
Sub-Saharan Africa (inc. Sudan),,2011,193100000
Sub-Saharan Africa (inc. Sudan),,2012,196400000
Sub-Saharan Africa (inc. Sudan),,2013,199700000
Sub-Saharan Africa (inc. Sudan),,2014,204300000
Sub-Saharan Africa (inc. Sudan),,2015,213500000
Sub-Saharan Africa (inc. Sudan),,2016,225600000
Sub-Saharan Africa (inc. Sudan),,2017,238100000
Sudan,SDN,2012,8500000
Sudan,SDN,2013,8300000
Sudan,SDN,2014,7900000
Sudan,SDN,2015,7800000
Sudan,SDN,2016,7900000
Sudan,SDN,2017,8200000
Swaziland,SWZ,2000,200000
Swaziland,SWZ,2001,200000
Swaziland,SWZ,2002,200000
Swaziland,SWZ,2003,200000
Swaziland,SWZ,2004,200000
Swaziland,SWZ,2005,200000
Swaziland,SWZ,2006,200000
Swaziland,SWZ,2007,200000
Swaziland,SWZ,2008,300000
Swaziland,SWZ,2009,300000
Swaziland,SWZ,2010,300000
Swaziland,SWZ,2011,300000
Swaziland,SWZ,2012,300000
Swaziland,SWZ,2013,300000
Swaziland,SWZ,2014,300000
Swaziland,SWZ,2015,300000
Swaziland,SWZ,2016,300000
Swaziland,SWZ,2017,300000
Taiwan,TWN,2000,800000
Taiwan,TWN,2001,900000
Taiwan,TWN,2002,1000000
Taiwan,TWN,2003,1000000
Taiwan,TWN,2004,1000000
Taiwan,TWN,2005,1100000
Taiwan,TWN,2006,1100000
Taiwan,TWN,2007,1100000
Taiwan,TWN,2008,1200000
Taiwan,TWN,2009,1200000
Taiwan,TWN,2010,1100000
Taiwan,TWN,2011,1100000
Taiwan,TWN,2012,1000000
Taiwan,TWN,2013,1000000
Taiwan,TWN,2014,900000
Taiwan,TWN,2015,900000
Taiwan,TWN,2016,800000
Taiwan,TWN,2017,800000
Tanzania,TZA,2000,12500000
Tanzania,TZA,2001,13000000
Tanzania,TZA,2002,13300000
Tanzania,TZA,2003,13700000
Tanzania,TZA,2004,13700000
Tanzania,TZA,2005,13600000
Tanzania,TZA,2006,13600000
Tanzania,TZA,2007,13900000
Tanzania,TZA,2008,14800000
Tanzania,TZA,2009,15400000
Tanzania,TZA,2010,16000000
Tanzania,TZA,2011,16000000
Tanzania,TZA,2012,16100000
Tanzania,TZA,2013,16400000
Tanzania,TZA,2014,16700000
Tanzania,TZA,2015,17000000
Tanzania,TZA,2016,17200000
Tanzania,TZA,2017,17600000
Thailand,THA,2000,11800000
Thailand,THA,2001,11600000
Thailand,THA,2002,11000000
Thailand,THA,2003,10200000
Thailand,THA,2004,9200000
Thailand,THA,2005,8200000
Thailand,THA,2006,7300000
Thailand,THA,2007,6800000
Thailand,THA,2008,6600000
Thailand,THA,2009,6500000
Thailand,THA,2010,6200000
Thailand,THA,2011,5900000
Thailand,THA,2012,5700000
Thailand,THA,2013,5600000
Thailand,THA,2014,5500000
Thailand,THA,2015,5400000
Thailand,THA,2016,5400000
Thailand,THA,2017,5400000
Timor,TLS,2000,400000
Timor,TLS,2001,300000
Timor,TLS,2002,300000
Timor,TLS,2003,300000
Timor,TLS,2004,300000
Timor,TLS,2005,300000
Timor,TLS,2006,300000
Timor,TLS,2007,300000
Timor,TLS,2008,300000
Timor,TLS,2009,300000
Timor,TLS,2010,300000
Timor,TLS,2011,300000
Timor,TLS,2012,300000
Timor,TLS,2013,300000
Timor,TLS,2014,300000
Timor,TLS,2015,300000
Timor,TLS,2016,300000
Timor,TLS,2017,300000
Togo,TGO,2000,1500000
Togo,TGO,2001,1600000
Togo,TGO,2002,1600000
Togo,TGO,2003,1500000
Togo,TGO,2004,1500000
Togo,TGO,2005,1500000
Togo,TGO,2006,1500000
Togo,TGO,2007,1400000
Togo,TGO,2008,1400000
Togo,TGO,2009,1400000
Togo,TGO,2010,1400000
Togo,TGO,2011,1300000
Togo,TGO,2012,1300000
Togo,TGO,2013,1300000
Togo,TGO,2014,1300000
Togo,TGO,2015,1300000
Togo,TGO,2016,1300000
Togo,TGO,2017,1300000
Trinidad and Tobago,TTO,2000,100000
Trinidad and Tobago,TTO,2001,100000
Trinidad and Tobago,TTO,2002,100000
Trinidad and Tobago,TTO,2003,200000
Trinidad and Tobago,TTO,2004,200000
Trinidad and Tobago,TTO,2005,200000
Trinidad and Tobago,TTO,2006,100000
Trinidad and Tobago,TTO,2007,100000
Trinidad and Tobago,TTO,2008,100000
Trinidad and Tobago,TTO,2009,100000
Trinidad and Tobago,TTO,2010,100000
Trinidad and Tobago,TTO,2011,100000
Trinidad and Tobago,TTO,2012,100000
Tunisia,TUN,2000,500000
Tunisia,TUN,2001,500000
Tunisia,TUN,2002,500000
Tunisia,TUN,2003,600000
Tunisia,TUN,2004,600000
Tunisia,TUN,2005,600000
Tunisia,TUN,2006,600000
Tunisia,TUN,2007,600000
Tunisia,TUN,2008,500000
Tunisia,TUN,2009,500000
Tunisia,TUN,2010,500000
Tunisia,TUN,2011,500000
Tunisia,TUN,2012,500000
Tunisia,TUN,2013,500000
Tunisia,TUN,2014,500000
Tunisia,TUN,2015,500000
Tunisia,TUN,2016,500000
Tunisia,TUN,2017,500000
Turkmenistan,TKM,2000,400000
Turkmenistan,TKM,2001,300000
Turkmenistan,TKM,2002,300000
Turkmenistan,TKM,2003,300000
Turkmenistan,TKM,2004,200000
Turkmenistan,TKM,2005,200000
Turkmenistan,TKM,2006,200000
Turkmenistan,TKM,2007,200000
Turkmenistan,TKM,2008,200000
Turkmenistan,TKM,2009,200000
Turkmenistan,TKM,2010,200000
Turkmenistan,TKM,2011,300000
Turkmenistan,TKM,2012,300000
Turkmenistan,TKM,2013,300000
Turkmenistan,TKM,2014,300000
Turkmenistan,TKM,2015,300000
Turkmenistan,TKM,2016,300000
Turkmenistan,TKM,2017,300000
Uganda,UGA,2000,6700000
Uganda,UGA,2001,6800000
Uganda,UGA,2002,6800000
Uganda,UGA,2003,6600000
Uganda,UGA,2004,6500000
Uganda,UGA,2005,6900000
Uganda,UGA,2006,7600000
Uganda,UGA,2007,8600000
Uganda,UGA,2008,9400000
Uganda,UGA,2009,10000000
Uganda,UGA,2010,10500000
Uganda,UGA,2011,11100000
Uganda,UGA,2012,11700000
Uganda,UGA,2013,12600000
Uganda,UGA,2014,13600000
Uganda,UGA,2015,15100000
Uganda,UGA,2016,16500000
Uganda,UGA,2017,17600000
Ukraine,UKR,2000,2200000
Ukraine,UKR,2001,1700000
Ukraine,UKR,2002,1400000
Ukraine,UKR,2015,1300000
Ukraine,UKR,2016,1500000
Ukraine,UKR,2017,1500000
United Arab Emirates,ARE,2004,100000
United Arab Emirates,ARE,2005,200000
United Arab Emirates,ARE,2006,300000
United Arab Emirates,ARE,2007,300000
United Arab Emirates,ARE,2008,400000
United Arab Emirates,ARE,2009,500000
United Arab Emirates,ARE,2010,500000
United Arab Emirates,ARE,2011,500000
United Arab Emirates,ARE,2012,400000
United Arab Emirates,ARE,2013,400000
United Arab Emirates,ARE,2014,300000
United Arab Emirates,ARE,2015,300000
United Arab Emirates,ARE,2016,300000
United Arab Emirates,ARE,2017,200000
Upper middle income,,2000,299800000
Upper middle income,,2001,296300000
Upper middle income,,2002,292100000
Upper middle income,,2003,288500000
Upper middle income,,2004,283400000
Upper middle income,,2005,276400000
Upper middle income,,2006,266900000
Upper middle income,,2007,256000000
Upper middle income,,2008,244100000
Upper middle income,,2009,232300000
Upper middle income,,2010,221000000
Upper middle income,,2011,210900000
Upper middle income,,2012,201900000
Upper middle income,,2013,193000000
Upper middle income,,2014,186200000
Upper middle income,,2015,182800000
Upper middle income,,2016,182700000
Upper middle income,,2017,183400000
Uruguay,URY,2000,100000
Uruguay,URY,2001,100000
Uruguay,URY,2002,100000
Uruguay,URY,2003,100000
Uruguay,URY,2004,100000
Uruguay,URY,2005,100000
Uruguay,URY,2006,100000
Uruguay,URY,2007,100000
Uruguay,URY,2008,100000
Uzbekistan,UZB,2000,4000000
Uzbekistan,UZB,2001,4700000
Uzbekistan,UZB,2002,5000000
Uzbekistan,UZB,2003,4900000
Uzbekistan,UZB,2004,4400000
Uzbekistan,UZB,2005,3900000
Uzbekistan,UZB,2006,3300000
Uzbekistan,UZB,2007,3000000
Uzbekistan,UZB,2008,2800000
Uzbekistan,UZB,2009,2700000
Uzbekistan,UZB,2010,2600000
Uzbekistan,UZB,2011,2400000
Uzbekistan,UZB,2012,2200000
Uzbekistan,UZB,2013,2100000
Uzbekistan,UZB,2014,2000000
Uzbekistan,UZB,2015,2000000
Uzbekistan,UZB,2016,2000000
Uzbekistan,UZB,2017,2000000
Venezuela,VEN,2000,4000000
Venezuela,VEN,2001,4100000
Venezuela,VEN,2002,4300000
Venezuela,VEN,2003,3900000
Venezuela,VEN,2004,3400000
Venezuela,VEN,2005,2800000
Venezuela,VEN,2006,2300000
Venezuela,VEN,2007,1700000
Venezuela,VEN,2008,1100000
Venezuela,VEN,2009,900000
Venezuela,VEN,2010,900000
Venezuela,VEN,2011,1100000
Venezuela,VEN,2012,1400000
Venezuela,VEN,2013,1900000
Venezuela,VEN,2014,2900000
Venezuela,VEN,2015,4300000
Venezuela,VEN,2016,5700000
Venezuela,VEN,2017,6800000
Vietnam,VNM,2000,19500000
Vietnam,VNM,2001,18200000
Vietnam,VNM,2002,17000000
Vietnam,VNM,2003,16000000
Vietnam,VNM,2004,15500000
Vietnam,VNM,2005,15300000
Vietnam,VNM,2006,15000000
Vietnam,VNM,2007,14300000
Vietnam,VNM,2008,13400000
Vietnam,VNM,2009,12700000
Vietnam,VNM,2010,12100000
Vietnam,VNM,2011,11500000
Vietnam,VNM,2012,11100000
Vietnam,VNM,2013,10400000
Vietnam,VNM,2014,9700000
Vietnam,VNM,2015,9200000
Vietnam,VNM,2016,8900000
Vietnam,VNM,2017,8800000
Western Africa,,2000,36800000
Western Africa,,2001,36700000
Western Africa,,2002,36800000
Western Africa,,2003,36000000
Western Africa,,2004,34600000
Western Africa,,2005,33200000
Western Africa,,2006,32100000
Western Africa,,2007,31600000
Western Africa,,2008,31300000
Western Africa,,2009,31500000
Western Africa,,2010,32000000
Western Africa,,2011,32900000
Western Africa,,2012,34200000
Western Africa,,2013,36300000
Western Africa,,2014,38300000
Western Africa,,2015,41300000
Western Africa,,2016,46300000
Western Africa,,2017,51600000
Western Asia,,2000,19200000
Western Asia,,2001,19000000
Western Asia,,2002,19100000
Western Asia,,2003,19400000
Western Asia,,2004,19400000
Western Asia,,2005,19500000
Western Asia,,2006,19600000
Western Asia,,2007,19900000
Western Asia,,2008,20300000
Western Asia,,2009,20300000
Western Asia,,2010,20900000
Western Asia,,2011,21800000
Western Asia,,2012,23200000
Western Asia,,2013,24500000
Western Asia,,2014,26500000
Western Asia,,2015,28500000
Western Asia,,2016,30700000
Western Asia,,2017,32300000
World,OWID_WRL,2000,916300000
World,OWID_WRL,2001,929800000
World,OWID_WRL,2002,947900000
World,OWID_WRL,2003,958000000
World,OWID_WRL,2004,957000000
World,OWID_WRL,2005,940500000
World,OWID_WRL,2006,913100000
World,OWID_WRL,2007,883200000
World,OWID_WRL,2008,859300000
World,OWID_WRL,2009,840400000
World,OWID_WRL,2010,826100000
World,OWID_WRL,2011,814300000
World,OWID_WRL,2012,807600000
World,OWID_WRL,2013,798800000
World,OWID_WRL,2014,791400000
World,OWID_WRL,2015,790200000
World,OWID_WRL,2016,797900000
World,OWID_WRL,2017,809900000
Yemen,YEM,2000,5300000
Yemen,YEM,2001,5500000
Yemen,YEM,2002,5800000
Yemen,YEM,2003,6000000
Yemen,YEM,2004,6200000
Yemen,YEM,2005,6200000
Yemen,YEM,2006,6100000
Yemen,YEM,2007,6000000
Yemen,YEM,2008,6000000
Yemen,YEM,2009,6000000
Yemen,YEM,2010,6100000
Yemen,YEM,2011,6100000
Yemen,YEM,2012,6500000
Yemen,YEM,2013,7200000
Yemen,YEM,2014,8200000
Yemen,YEM,2015,9300000
Yemen,YEM,2016,10400000
Yemen,YEM,2017,11000000
Zambia,ZMB,2000,5000000
Zambia,ZMB,2001,5300000
Zambia,ZMB,2002,5600000
Zambia,ZMB,2003,5700000
Zambia,ZMB,2004,5900000
Zambia,ZMB,2005,6200000
Zambia,ZMB,2006,6500000
Zambia,ZMB,2007,6800000
Zambia,ZMB,2008,6900000
Zambia,ZMB,2009,6900000
Zambia,ZMB,2010,6900000
Zambia,ZMB,2011,7000000
Zambia,ZMB,2012,7000000
Zambia,ZMB,2013,7000000
Zambia,ZMB,2014,7000000
Zambia,ZMB,2015,7200000
Zambia,ZMB,2016,7600000
Zambia,ZMB,2017,8000000
Zimbabwe,ZWE,2000,4900000
Zimbabwe,ZWE,2001,5000000
Zimbabwe,ZWE,2002,5100000
Zimbabwe,ZWE,2003,5200000
Zimbabwe,ZWE,2004,5400000
Zimbabwe,ZWE,2005,5500000
Zimbabwe,ZWE,2006,5500000
Zimbabwe,ZWE,2007,5700000
Zimbabwe,ZWE,2008,5800000
Zimbabwe,ZWE,2009,5900000
Zimbabwe,ZWE,2010,5900000
Zimbabwe,ZWE,2011,5900000
Zimbabwe,ZWE,2012,6200000
Zimbabwe,ZWE,2013,6600000
Zimbabwe,ZWE,2014,7200000
Zimbabwe,ZWE,2015,7800000
Zimbabwe,ZWE,2016,8200000
Zimbabwe,ZWE,2017,8500000